{
  "01 Mombasa County Postal Codes": {
    "80100": "Mombasa",
    "80101": "Bamburi",
    "80102": "Changamwe",
    "80103": "Coast Gen. Hospital",
    "80104": "Docks",
    "80106": "Mkomani",
    "80107": "Kilindini",
    "80110": "Likoni",
    "80111": "Mtongwe",
    "80112": "Makupa",
    "80115": "Moi Airport",
    "80117": "Mtopanga",
    "80118": "Nyali",
    "80122": "Kengeleni",
    "80123": "Kanamai"
  },
  "02 Kwale County": {
    "80120": "Samburu",
    "80400": "Ukunda",
    "80401": "Diani Beach",
    "80402": "Lunga Lunga",
    "80403": "Kwale",
    "80404": "Msambweni",
    "80405": "Kinango",
    "80406": "Matuga",
    "80407": "Shimba Hills",
    "80409": "Shimoni",
    "80410": "Kikoneni"
  },
  "03 Kilifi County Postal Codes": {
    "80105": "Kaloleni",
    "80108": "Kilifi",
    "80109": "Mtwapa",
    "80113": "Mariakani",
    "80114": "Mazeras",
    "80119": "Vipingo",
    "80200": "Malindi",
    "80202": "Watamu",
    "80205": "Ganze",
    "80206": "Gongoni",
    "80207": "Madina",
    "80208": "Gede",
    "80209": "Kakoneni",
    "80210": "Bamba",
    "80211": "Vitengeni",
    "80212": "Ngomeni",
    "80213": "Mambrui"
  },
  "04 Tana River County Postal Codes": {
    "80201": "Garsen",
    "80203": "Tarasaa"
  },
  "05 Lamu County Postal Codes": {
    "80500": "Lamu",
    "80501": "Faza",
    "80502": "Mokowe",
    "80503": "Mpeketoni",
    "80504": "Witu"
  },
  "06 Taita Taveta County Postal Codes": {
    "40509": "Manga",
    "50219": "Luandanyi",
    "80300": "Voi",
    "80301": "Manyani",
    "80302": "Taveta",
    "80303": "Werugha",
    "80304": "Wundanyi",
    "80305": "Mwatate",
    "80306": "Mgange",
    "80307": "Kasigau",
    "80308": "Sagalla",
    "80309": "Tausa",
    "80311": "Ng’Ambwa",
    "80313": "Mgambonyi",
    "80314": "Chumvini",
    "80315": "Maktau",
    "80317": "Maungu"
  },
  "07 Garisa County Postal Codes": {
    "70100": "Garissa",
    "70101": "Hola",
    "70102": "Modo Gashe",
    "70103": "Dadaab",
    "70104": "Bura Tana",
    "70105": "Masalani"
  },
  "08 Wajir County Postal Codes": {
    "70200": "Wajir",
    "70201": "Habaswein"
  },
  "09 Mandera County Postal Codes": {
    "70300": "Mandera",
    "70301": "Elwak"
  },
  "10 Marsabit County Postal Codes": {
    "60500": "Marsabit",
    "60501": "Loiyangalani",
    "60502": "Laisamis",
    "60700": "Moyale",
    "60701": "Sololo"
  },
  "11 Isiolo County Postal Codes": {
    "60300": "Isiolo",
    "60301": "Garba Tulla",
    "60302": "Archers Post",
    "60303": "Merti"
  },
  "12 Meru County Zip Code": {
    "00903": "Githiga",
    "01017": "Kiriua",
    "60201": "Kibirichia",
    "60205": "Githongo"
  },
  "13 Tharaka Nithi County Zip Code": {
    "10115": "Gathunga",
    "60213": "Tunyai",
    "60214": "Nkondi",
    "60215": "Marimanti",
    "60400": "Chuka",
    "60401": "Chogoria",
    "60402": "Igoji",
    "60403": "Magumoni",
    "60404": "Gatunga",
    "60405": "Ikuu",
    "60406": "Kathwana",
    "60407": "Magutuni",
    "60408": "Marima",
    "60409": "Chiakariga",
    "60410": "Chiakanyinga",
    "60411": "Huduma Chuka",
    "60411": "Kaanwa"
  },
  "14 Embu County Postal Codes": {
    "01031": "Kindaruma",
    "60100": "Embu",
    "60101": "Manyatta",
    "60102": "Ishiara",
    "60103": "Runyenjes",
    "60104": "Siakago",
    "60105": "Karaba",
    "60106": "Kanyuambora",
    "60107": "Karingari",
    "60108": "Kevote",
    "60109": "Kiambere",
    "60112": "Kibugu",
    "60113": "Kiritiri",
    "60114": "Kithimu",
    "60115": "Nganduri",
    "60117": "Karurumo",
    "60118": "Kanja",
    "60119": "Gachoka",
    "60121": "Wachoro",
    "60122": "Kianjokoma",
    "60125": "Kubu Kubu",
    "90141": "Masinga",
    "90209": "Kyeni"
  },
  "15 Kitui County Postal Codes": {
    "90200": "Kitui",
    "90202": "Ndooa",
    "90203": "Tulia",
    "90204": "Kisasi",
    "90205": "Kabati",
    "90206": "Endau",
    "90210": "Matinyani",
    "90211": "Mutha",
    "90212": "Voo",
    "90213": "Zombe",
    "90214": "Mbitini",
    "90215": "Kwavonza",
    "90217": "Katutu",
    "90218": "Kiusyani",
    "90219": "Chuluni",
    "90403": "Kamuwongo",
    "90404": "Katse",
    "90408": "Nuu"
  },
  "16 Machakos County Postal Codes": {
    "00204": "Athi River",
    "00519": "Mlolongo",
    "90100": "Machakos",
    "90101": "Masii",
    "90104": "Mitaboni",
    "90105": "Kathiani",
    "90106": "Katangi",
    "90107": "Kaviani",
    "90109": "Lita",
    "90111": "Kivunga",
    "90114": "Muumandu",
    "90117": "Mutituni",
    "90118": "Ndalani",
    "90119": "Matuu",
    "90120": "Iiani",
    "90139": "Ekalakala",
    "90145": "Daystar",
    "90147": "Chumvi",
    "90150": "Kaewa"
  },
  "17 Makueni County Postal Codes": {
    "90108": "Kola",
    "90112": "Miu",
    "90122": "Kalamba",
    "90123": "Kasikeu",
    "90124": "Kithimani",
    "90125": "Kikima",
    "90126": "Kalawa",
    "90127": "Mbumbuni",
    "90133": "Tawa",
    "90135": "Ikalaasa",
    "90143": "Nziu",
    "90300": "Makueni",
    "90301": "Okia",
    "90302": "Kathonzweni",
    "90303": "Kitise",
    "90304": "Mavindini",
    "90305": "Kilala"
  },
  "18 Nyandarua County Postal Codes": {
    "20301": "Miharati",
    "20302": "Oljoro-Orok",
    "20303": "Ol-Kalou",
    "20304": "Ndaragwa",
    "20305": "Engineer",
    "20306": "Nyahururu",
    "20307": "Mangu"
  },
  "19 Nyeri County Postal Codes": {
    "10100": "Nyeri",
    "10101": "Othaya",
    "10102": "Kiganjo",
    "10103": "Karatina",
    "10104": "Mweiga",
    "10105": "Ngangarithi",
    "10106": "Rukira",
    "10107": "Gikondi",
    "10108": "Karatina",
    "10109": "Kiawara",
    "10110": "Kiburu",
    "10111": "Ruringu",
    "10112": "Wamagana",
    "10113": "Kiamwangi",
    "10114": "Kiriaini",
    "10115": "Mahiga",
    "10116": "Gikambura"
  },
  "20 Kirinyaga County Postal Codes": {
    "10300": "Kerugoya",
    "10301": "Kutus",
    "10302": "Kianyaga",
    "10303": "Sagana",
    "10304": "Mwea",
    "10305": "Kimbimbi"
  },
  "21 Laikipia County Postal Codes": {
    "10200": "Nanyuki",
    "10201": "Rumuruti",
    "10202": "Nyahururu",
    "10203": "Gichugu",
    "10204": "Ol-Moran",
    "10205": "Pesi"
  },
  "22 Nakuru County Postal Codes": {
    "20100": "Nakuru",
    "20101": "Gilgil",
    "20102": "Naivasha",
    "20103": "Molo",
    "20104": "Elburgon",
    "20105": "Kuresoi",
    "20106": "Njoro",
    "20107": "Mihang'o",
    "20108": "Kiamunyi",
    "20109": "Subukia",
    "20110": "Barut",
    "20111": "Kiamunyi",
    "20112": "Nakuru Town East",
    "20113": "Nakuru Town West"
  },
  "23 Bomet County Postal Codes": {
    "20400": "Bomet",
    "20401": "Siongiroi",
    "20402": "Bomet Central",
    "20403": "Bomet East",
    "20404": "Bomet West"
  },
  "24 Kericho County Postal Codes": {
    "20200": "Kericho",
    "20201": "Kipsitet",
    "20202": "Nyangores",
    "20203": "Litein",
    "20204": "Kibunja",
    "20205": "Tinderet",
    "20206": "Chepng'Ang"
  },
  "25 Nandi County Postal Codes": {
    "30300": "Kapsabet",
    "30301": "Mosoriot",
    "30302": "Nandi Hills",
    "30303": "Chepkunyuk",
    "30304": "Kilibwoni",
    "30305": "Kaptumo",
    "30306": "Chesumei"
  },
  "26 Uasin Gishu County Postal Codes": {
    "30100": "Eldoret",
    "30101": "Kapseret",
    "30102": "Kesses",
    "30103": "Ziwa",
    "30104": "Turbo",
    "30105": "Kipkabus",
    "30106": "Chepterit",
    "30107": "Soy"
  },
  "27 Elgeyo Marakwet County Postal Codes": {
    "30700": "Iten",
    "30701": "Ainabkoi",
    "30702": "Marakwet"
  },
  "28 West Pokot County Postal Codes": {
    "30600": "Kapenguria",
    "30601": "Sigor",
    "30602": "Kacheliba",
    "30603": "Pokot Central",
    "30604": "Pokot North"
  },
  "29 Trans Nzoia County Postal Codes": {
    "30200": "Kitale",
    "30201": "Endebess",
    "30202": "Kiminini",
    "30203": "Cherang'any",
    "30204": "Saboti"
  },
  "30 Bungoma County Postal Codes": {
    "50200": "Bungoma",
    "50201": "Chwele",
    "50202": "Webuye",
    "50203": "Kanduyi",
    "50204": "Bumula"
  },
  "31 Vihiga County Postal Codes": {
    "50300": "Vihiga",
    "50301": "Hamisi",
    "50302": "Sabatia",
    "50303": "Chavakali",
    "50304": "Mbale"
  },
  "32 Nakuru County Postal Codes": {
    "00242": "Ewaso Kedong",
    "20100": "Nakuru",
    "20101": "Bondeni",
    "20102": "Elburgon",
    "20104": "Menengai",
    "20106": "Molo",
    "20107": "Njoro",
    "20108": "Rongai",
    "20109": "Subukia",
    "20110": "Timber Mills",
    "20111": "Mau Narok",
    "20112": "Lanet",
    "20113": "Bahati",
    "20114": "Kabazi",
    "20115": "Egerton",
    "20116": "Gilgil",
    "20117": "Naivasha",
    "20118": "Dundori",
    "20119": "Elementaita",
    "20120": "Kabatini",
    "20121": "Kampi Ya Moto",
    "20122": "Mau Summit",
    "20123": "Milton Siding",
    "20124": "Mirangine",
    "20126": "Ngorika",
    "20127": "Ronda",
    "20128": "Solai",
    "20129": "Turi",
    "20130": "Kirobon",
    "20131": ["Keringet", "Kirengeti"],
    "20132": "Kamwaura",
    "20133": "Kiptangwanyi",
    "20134": "Kamara",
    "20135": "Kirisoi",
    "20136": "Koige",
    "20142": "Naishi",
    "20146": "Longonot",
    "20147": "Maai Mahiu",
    "20148": "Maiella",
    "20149": "Makumbi",
    "20150": "Shabaab",
    "20152": "Olenguruone",
    "20154": "Kuresoi",
    "20157": "Kabarak",
    "40142": "Victoria",
    "50237": "Nzoia",
    "50238": "Tabani"
  },
  "33 Narok County Postal Codes": {
    "20420": "Sogoo",
    "20500": "Narok",
    "20501": "Keekorok",
    "20502": "Olkurto",
    "20503": "Ololulunga",
    "20504": "Nairage Enkare",
    "40700": "Kilgoris",
    "40701": "Lolgorian",
    "40702": "Njipiship",
    "40703": "Enosaen",
    "90116": "Kivaani",
    "90148": "Kiunduani"
  },
  "34 Kajiado County Postal Codes": {
    "00205": "Magadi",
    "00206": "Kiserian",
    "00207": "Namanga",
    "00208": "Ngong Hills",
    "00209": "Loitokitok",
    "00210": "Thigio",
    "00213": "Oltepesi",
    "00214": "Ilasit",
    "00215": "Kimana",
    "00241": "Kitengela",
    "00511": "Ongata Rongai",
    "01100": "Kajiado",
    "01101": "Bissel",
    "01103": "Mashuru",
    "01105": "Kajiado West"
  },
  "35 Kericho County Postal Codes": {
    "20200": "Kericho",
    "20201": "Kabianga",
    "20202": "Kipkelion",
    "20203": "Londiani",
    "20204": "Roret",
    "20205": "Sosiot",
    "20206": "Kapkugerwet",
    "20207": "Kapsuser",
    "20208": "Kiptugumo",
    "20209": "Fort Ternan",
    "20210": "Litein",
    "20211": "Kapsoit",
    "20212": "Sigowet",
    "20213": "Kiptere",
    "20214": "Kapkatet",
    "20215": "Cheborge",
    "20216": "Chepkemel",
    "20217": "Chesinendet",
    "20218": "Kamaget",
    "20219": "Kapkelek",
    "20220": "Kedowa",
    "20222": "Chemamul",
    "20223": "Sorget",
    "20225": "Kimulot",
    "20226": "Huduma Kericho",
    "20403": "Mogogosiek"
  },
  "36 Bomet County Postal Codes": {
    "20221": "Kaptebengwet",
    "20400": "Bomet",
    "20401": "Chebunyo",
    "20402": "Longisa",
    "20404": "Ndanai",
    "20405": "Sigor",
    "20406": "Sotik",
    "20407": "Chemaner",
    "20409": "Boito",
    "20410": "Cheptalal",
    "20411": "Gorgor",
    "20412": "Kabason",
    "20413": "Kapcherany",
    "20414": "Kapkesosio",
    "20415": "Kapkoros",
    "20416": "Kiplelji",
    "20417": "Koiwa",
    "20418": "Makimeny",
    "20419": "Merigi",
    "20421": "Olbutyo",
    "20422": "Silibwet",
    "20423": "Siongiroi",
    "20424": ["Amalo (Formerly Oloomirani)", "Oloomirani"],
    "20426": "Ndaraweta"
  },
  "37 Kakamega County Postal Codes": {
    "20143": "Sabatia",
    "40621": "Dudi",
    "50100": "Kakamega",
    "50101": "Butere",
    "50102": "Mumias",
    "50103": "Malava",
    "50104": "Khayega",
    "50105": "Bukura",
    "50106": "Shianda",
    "50107": "Shinyalu",
    "50108": "Lugari",
    "50109": "Bulimbo",
    "50111": "Ileho",
    "50112": "Imanga",
    "50114": "Isulu",
    "50115": "Kakunga",
    "50116": "Kambiri",
    "50117": "Koyonzo",
    "50118": "Lubao",
    "50119": "Lunza",
    "50121": "Lutasa",
    "50122": "Malaha",
    "50123": "Malinya",
    "50124": "Mautuma",
    "50125": "Musanda",
    "50126": "Manyulia",
    "50127": "Nambacha",
    "50128": "Samitsi",
    "50132": "Lukume",
    "50133": "Makunga",
    "50135": "Khwisero",
    "50136": "Matete",
    "50137": "Booker",
    "50138": "Milimani",
    "50239": "Nangili",
    "50240": "Luandeti",
    "50241": "Kipkarren River",
    "50242": "Lumakanda",
    "50316": "Banja",
    "50319": "Jebrok",
    "50320": "Lusiola",
    "50321": "Magada",
    "50322": "Mahanga",
    "50324": "Masana",
    "50325": "Mago"
  },
  "38 Vihiga County Postal Codes": {
    "50300": "Maragoli",
    "50302": "Chamakanga",
    "50303": "Eregi",
    "50304": "Gisambai",
    "50305": "Kaimosi",
    "50306": "Khumusalaba",
    "50307": "Luanda",
    "50308": "Serem",
    "50309": "Tiriki",
    "50310": "Vihiga",
    "50311": "Wodanga",
    "50312": "Hamisi",
    "50313": "Kiritu",
    "50314": "Emuhaya",
    "50315": "Kilingili",
    "50317": "Chavakali",
    "50318": "Gambogi",
    "50428": "Muluanda"
  },
  "39 Bungoma County Postal Codes": {
    "30218": "Tongaren",
    "50139": "Masinde Muliro University",
    "50200": "Bungoma",
    "50201": "Cheptais",
    "50202": "Chwele",
    "50203": "Kapsokwony",
    "50204": "Kimilili",
    "50205": "Webuye",
    "50206": "Bokoli",
    "50207": "Misikhu",
    "50208": "Sirisia",
    "50209": "Malakisi",
    "50210": "Buyofu",
    "50211": "Naitiri",
    "50212": "Ndalu",
    "50213": "Dorofu",
    "50214": "Kabula",
    "50216": "Kamukuywa",
    "50218": "Lugulu",
    "50220": "Lwakhakha",
    "50225": "Mukhe",
    "50226": "Myanga",
    "50230": "Lukusi",
    "50233": "Bukembe",
    "50234": "Kaptama",
    "50235": "Mabusi",
    "50236": "Mbakalo",
    "50245": "Brigadier",
    "50429": "Elugulu"
  },
  "40 Busia County Postal Codes": {
    "50244": "Amagoro",
    "50400": "Busia",
    "50401": "Sio Port",
    "50403": "Amukura",
    "50404": "Bumala",
    "50405": "Butula",
    "50406": "Funyula",
    "50408": "Kamuriai",
    "50409": "Nambale",
    "50410": "Port Victoria",
    "50411": "Bar Ober",
    "50412": "Angurai",
    "50413": "Adungosi",
    "50416": "Buhuyi",
    "50417": "Bukiri",
    "50418": "Bumutiru",
    "50421": "Lukolis",
    "50422": "Matayos",
    "50423": "Mubwayo",
    "50425": "Mungatsi",
    "50426": "Murumba"
  },
  "41 Siaya County Postal Codes": {
    "40139": "Akala",
    "40140": "Aluor",
    "40142": ["Ramula", "Victoria"],
    "40330": "Ramba",
    "40600": "Siaya",
    "40601": "Bondo",
    "40602": "Ndori",
    "40603": "Ng’Iya",
    "40604": "Ragengni",
    "40605": "Sidindi",
    "40606": "Ugunja",
    "40607": "Ukwala",
    "40608": "Uranga",
    "40609": "Usenge",
    "40610": "Yala",
    "40611": "Nyilima",
    "40612": "Sawagongo",
    "40613": "Madiany",
    "40614": "Sega",
    "40615": "Nango",
    "40616": "Anyiko",
    "40620": "Boro",
    "40623": ["Lugingo", "Luhano"],
    "40625": "Manyuanda",
    "40626": "Misori",
    "40628": "Mutumbu",
    "40630": "Ndigwa",
    "40631": "Nyadorera",
    "40632": "Nyamonye",
    "40633": "Nyawara",
    "40635": "Sigomre",
    "40640": "Hawinga",
    "40645": "Tingwangi"
  },
  "42 Kisumu County Postal Codes": {
    "10311": "Kibigoti",
    "40100": "Kisumu",
    "40101": "Ahero",
    "40102": "Kombewa",
    "40103": "Kondele",
    "40104": ["Koru", "Maseno"],
    "40105": "Maseno",
    "40106": "Miwani",
    "40107": "Muhoroni",
    "40108": "Otonglo",
    "40109": "Sondu",
    "40110": "Songhor",
    "40111": "Pap-Onditi",
    "40112": "Dago",
    "40113": "Pembe Tatu",
    "40116": "Chemelil",
    "40117": "Daraja Mbili",
    "40118": "Katito",
    "40119": "Kibigori",
    "40121": "Kondik",
    "40122": "Awasi",
    "40123": "Mega City",
    "40124": "Nyabondo",
    "40126": "Nyangande",
    "40127": "Nyangori",
    "40129": "Oboch",
    "40131": "Paw Akuche",
    "40132": "Rabuor",
    "40133": "Reru",
    "40135": "Sigoti",
    "40137": "Ratta",
    "40141": ["Winam (Kisumu Gpo Extn.)", "Westlands"],
    "40325": "Rakwaro"
  },
  "43 Homa Bay County Postal Codes": {
    "40222": "Oyugis",
    "40223": "Kadongo",
    "40227": "Oriang",
    "40300": "Homa Bay",
    "40301": "Kendu Bay",
    "40302": "Ndhiwa",
    "40303": "Rangwe",
    "40304": "Kandiege",
    "40305": "Mbita",
    "40306": "Ombonga",
    "40307": "Magunga",
    "40308": "Sindo",
    "40309": "Asumbi",
    "40310": "Mawego",
    "40311": "Nyangweso",
    "40317": "Kojwang",
    "40319": "Mfangano",
    "40320": "Mirogi",
    "40323": "Ogongo",
    "40326": "Rodi Kopany",
    "40328": "Awach Tende",
    "40329": ["Pala", "Rusinga"],
    "40332": "Kosele",
    "40333": "Nyandhiwa",
    "40334": "Oyani-Masi",
    "40335": "Asego"
  },
  "44 Migori County Postal Codes": {
    "01102": "Isinya",
    "40224": "Othoro",
    "40228": "Uriri",
    "40331": "Dede",
    "40400": "Suna",
    "40401": "Karungu",
    "40402": "Nyatike",
    "40403": "Rapogi",
    "40404": "Rongo",
    "40405": "Sare",
    "40407": "Giribe",
    "40409": "Muhuru Bay",
    "40410": "Mukuro",
    "40412": "Ranen",
    "40413": "Kehancha",
    "40414": "Isibania",
    "40416": "Kegonga",
    "40417": "Ntimaru",
    "40418": ["Suba-Kuria", "Suba-Kuria"],
    "40419": "Migori",
    "4415": "Ikerege"
  },
  "45 Kisii County Postal Codes": {
    "40200": "Kisii",
    "40201": "Gesusu",
    "40202": "Keroka",
    "40203": "Nyamache",
    "40204": "Ogembo",
    "40205": "Nyambunwa",
    "40206": "Nyamarambe",
    "40208": "Etago",
    "40209": "Igare",
    "40210": "Itumbe",
    "40211": "Kenyenya",
    "40212": "Keumbu",
    "40213": "Kiamokama",
    "40214": "Marani",
    "40215": "Masimba",
    "40218": "Nyangusu",
    "40220": "Riosiri",
    "40229": "Tabaka",
    "40514": "Nyaramba",
    "40515": "Kegogi",
    "40516": "Magena"
  },
  "46 Nyamira County Postal Codes": {
    "40221": "Omogonchoro",
    "40500": "Nyamira",
    "40501": "Ikonge",
    "40502": "Nyansiongo",
    "40503": "Gesima",
    "40506": "Kebirigo",
    "40507": "Magombo",
    "40508": "Magwagwa",
    "40510": "Mokomoni",
    "40511": "Rigoma",
    "40512": "Riochanda",
    "40513": "Tombe"
  },
  "47 Nairobi City Postal Codes": {
    "00100": "Nairobi Gpo",
    "00101": "Jamia",
    "00102": "State Law Office-Sheria HSE",
    "00200": "City Square",
    "00202": "Kenyatta Hospital",
    "00231": "Mbari Ya Njiku",
    "00233": "Karatu",
    "00235": "Mundoro",
    "00236": "Kiamwangi",
    "00300": "Ronald Ngala Street",
    "00400": "Tom Mboya Street",
    "00500": "Enterprise Road",
    "00501": "Jkia",
    "00502": "Karen",
    "00503": "Mbagathi",
    "00504": "Mchumbi Road",
    "00505": "Ngong Road",
    "00506": "Nyayo Stadium",
    "00507": "Viwandani",
    "00508": "Yaya Towers",
    "00509": "Langata Hardy",
    "00510": "Makongeni",
    "00512": "Riruta",
    "00513": "Sasumua Rd",
    "00515": "Buru Buru",
    "00516": "Dandora",
    "00517": "Uhuru Gardens",
    "00518": "Kayole",
    "00520": "Ruai",
    "00521": "Embakasi Village",
    "00522": "Makadara",
    "00523": "Kibera",
    "00600": "Ngara Road",
    "00601": "Gigiri",
    "00603": "Lavington",
    "00604": "Lower Kabete",
    "00605": "Uthiru",
    "00606": "Sarit Centre",
    "00610": "Eastleigh",
    "00611": "Mathare Valley",
    "00612": "Highridge",
    "00613": "Waithaka",
    "00615": "Kariobangi",
    "00618": "Ruaraka",
    "00619": "Muthaiga",
    "00620": "Mobil Plaza",
    "00621": "Village Market",
    "00623": "Parklands",
    "00625": "Kangemi",
    "00627": "Two Rivers",
    "00800": "Westlands",
    "00905": "Lusingeti",
    "01029": "Migioini",
    "00622": "Juja Rd",
    "10224": "Nguyoini",
    "30216": "Kakibora",
    "30703": "Singore",
    "40312": "Gembe",
    "40406": "Agenga",
    "40411": "Othoch Rapwong",
    "40505": "Karota",
    "40629": ["Mudhiero", "Ndere"],
    "40634": "Rangala",
    "40639": "Koracha",
    "50301": "Bunyore",
    "50407": "Hakati",
    "50415": "Budalangi",
    "50419": "Kakemer",
    "50420": "Kocholya",
    "60217": "Gatimbi",
    "80312": "Mashini",
    "80316": "Kitivo",
    "80408": "Lukore",
    "90149": "Nthogoini",
    "90216": "Mulango",
    "90405": "Kavuti",
    "90406": "Mathuki"
  }
}
